Country Name,Country Code,Indicator Name,Indicator Code,poverty
Afghanistan,AFG,Population living in slums (% of urban population),EN.POP.SLUM.UR.ZS,62.7
Angola,AGO,Poverty gap at $5.50 a day (2011 PPP) (%),SI.POV.UMIC.GP,43.54514898
Angola,AGO,Poverty gap at $3.20 a day (2011 PPP) (%),SI.POV.LMIC.GP,25.19603143
Angola,AGO,Poverty gap at $1.90 a day (2011 PPP) (%),SI.POV.GAPS,11.83891887
Angola,AGO,Population living in slums (% of urban population),EN.POP.SLUM.UR.ZS,73.06362449
Albania,ALB,Poverty gap at $5.50 a day (2011 PPP) (%),SI.POV.UMIC.GP,11.8750892
Albania,ALB,Poverty gap at $3.20 a day (2011 PPP) (%),SI.POV.LMIC.GP,1.932232855
Albania,ALB,Poverty gap at $1.90 a day (2011 PPP) (%),SI.POV.GAPS,0.2
Arab World,ARB,Population living in slums (% of urban population),EN.POP.SLUM.UR.ZS,29.90583449
Argentina,ARG,Poverty gap at $5.50 a day (2011 PPP) (%),SI.POV.UMIC.GP,5.739654952
Argentina,ARG,Poverty gap at $3.20 a day (2011 PPP) (%),SI.POV.LMIC.GP,2.248808447
Argentina,ARG,Poverty gap at $1.90 a day (2011 PPP) (%),SI.POV.GAPS,0.939487603
Argentina,ARG,Population living in slums (% of urban population),EN.POP.SLUM.UR.ZS,23.41364189
Armenia,ARM,Poverty gap at $5.50 a day (2011 PPP) (%),SI.POV.UMIC.GP,21.11495046
Armenia,ARM,Poverty gap at $3.20 a day (2011 PPP) (%),SI.POV.LMIC.GP,4.946906759
Armenia,ARM,Poverty gap at $1.90 a day (2011 PPP) (%),SI.POV.GAPS,0.597934907
Armenia,ARM,Population living in slums (% of urban population),EN.POP.SLUM.UR.ZS,14.4
Antigua and Barbuda,ATG,Population living in slums (% of urban population),EN.POP.SLUM.UR.ZS,4.8
Australia,AUS,Poverty gap at $5.50 a day (2011 PPP) (%),SI.POV.UMIC.GP,0.719383609
Australia,AUS,Poverty gap at $3.20 a day (2011 PPP) (%),SI.POV.LMIC.GP,0.575387609
Australia,AUS,Poverty gap at $1.90 a day (2011 PPP) (%),SI.POV.GAPS,0.45298688
Austria,AUT,Poverty gap at $5.50 a day (2011 PPP) (%),SI.POV.UMIC.GP,0.382128181
Azerbaijan,AZE,Poverty gap at $5.50 a day (2011 PPP) (%),SI.POV.UMIC.GP,3.121487301
Burundi,BDI,Poverty gap at $5.50 a day (2011 PPP) (%),SI.POV.UMIC.GP,70.73513978
Burundi,BDI,Poverty gap at $3.20 a day (2011 PPP) (%),SI.POV.LMIC.GP,53.17283141
Burundi,BDI,Poverty gap at $1.90 a day (2011 PPP) (%),SI.POV.GAPS,31.62530632
Burundi,BDI,Population living in slums (% of urban population),EN.POP.SLUM.UR.ZS,62.09169324
Belgium,BEL,Poverty gap at $5.50 a day (2011 PPP) (%),SI.POV.UMIC.GP,0.166705859
Benin,BEN,Poverty gap at $5.50 a day (2011 PPP) (%),SI.POV.UMIC.GP,58.22932907
Benin,BEN,Poverty gap at $3.20 a day (2011 PPP) (%),SI.POV.LMIC.GP,38.1809125
Benin,BEN,Poverty gap at $1.90 a day (2011 PPP) (%),SI.POV.GAPS,19.03292537
Benin,BEN,Population living in slums (% of urban population),EN.POP.SLUM.UR.ZS,69.49849673
Burkina Faso,BFA,Poverty gap at $5.50 a day (2011 PPP) (%),SI.POV.UMIC.GP,59.18308635
Burkina Faso,BFA,Poverty gap at $3.20 a day (2011 PPP) (%),SI.POV.LMIC.GP,38.30746854
Burkina Faso,BFA,Poverty gap at $1.90 a day (2011 PPP) (%),SI.POV.GAPS,17.36366775
Burkina Faso,BFA,Population living in slums (% of urban population),EN.POP.SLUM.UR.ZS,62.59451949
Bangladesh,BGD,Poverty gap at $5.50 a day (2011 PPP) (%),SI.POV.UMIC.GP,45.02556729
Bangladesh,BGD,Poverty gap at $3.20 a day (2011 PPP) (%),SI.POV.LMIC.GP,20.79635456
Bangladesh,BGD,Poverty gap at $1.90 a day (2011 PPP) (%),SI.POV.GAPS,4.462534709
Bangladesh,BGD,Population living in slums (% of urban population),EN.POP.SLUM.UR.ZS,65.84467085
Bulgaria,BGR,Poverty gap at $5.50 a day (2011 PPP) (%),SI.POV.UMIC.GP,4.117648144
Bulgaria,BGR,Poverty gap at $3.20 a day (2011 PPP) (%),SI.POV.LMIC.GP,1.644947892
Bulgaria,BGR,Poverty gap at $1.90 a day (2011 PPP) (%),SI.POV.GAPS,0.672952145
Bosnia and Herzegovina,BIH,Poverty gap at $5.50 a day (2011 PPP) (%),SI.POV.UMIC.GP,1.031937188
Bosnia and Herzegovina,BIH,Poverty gap at $3.20 a day (2011 PPP) (%),SI.POV.LMIC.GP,0.156508458
Belarus,BLR,Poverty gap at $5.50 a day (2011 PPP) (%),SI.POV.UMIC.GP,1.046721945
Belize,BLZ,Population living in slums (% of urban population),EN.POP.SLUM.UR.ZS,14.21126314
Bolivia,BOL,Poverty gap at $5.50 a day (2011 PPP) (%),SI.POV.UMIC.GP,17.72798409
Bolivia,BOL,Poverty gap at $3.20 a day (2011 PPP) (%),SI.POV.LMIC.GP,9.556124858
Bolivia,BOL,Poverty gap at $1.90 a day (2011 PPP) (%),SI.POV.GAPS,5.337546151
Bolivia,BOL,Population living in slums (% of urban population),EN.POP.SLUM.UR.ZS,48.73041581
Brazil,BRA,Poverty gap at $5.50 a day (2011 PPP) (%),SI.POV.UMIC.GP,11.64433338
Brazil,BRA,Poverty gap at $3.20 a day (2011 PPP) (%),SI.POV.LMIC.GP,5.170171443
Brazil,BRA,Poverty gap at $1.90 a day (2011 PPP) (%),SI.POV.GAPS,2.25859604
Brazil,BRA,Population living in slums (% of urban population),EN.POP.SLUM.UR.ZS,27.36432534
Bhutan,BTN,Poverty gap at $5.50 a day (2011 PPP) (%),SI.POV.UMIC.GP,19.63538841
Bhutan,BTN,Poverty gap at $3.20 a day (2011 PPP) (%),SI.POV.LMIC.GP,5.737696037
Bhutan,BTN,Poverty gap at $1.90 a day (2011 PPP) (%),SI.POV.GAPS,0.806178065
Botswana,BWA,Poverty gap at $5.50 a day (2011 PPP) (%),SI.POV.UMIC.GP,31.93538655
Botswana,BWA,Poverty gap at $3.20 a day (2011 PPP) (%),SI.POV.LMIC.GP,16.83015418
Botswana,BWA,Poverty gap at $1.90 a day (2011 PPP) (%),SI.POV.GAPS,6.575575472
Central African Republic,CAF,Poverty gap at $5.50 a day (2011 PPP) (%),SI.POV.UMIC.GP,66.69992504
Central African Republic,CAF,Poverty gap at $3.20 a day (2011 PPP) (%),SI.POV.LMIC.GP,49.84576211
Central African Republic,CAF,Poverty gap at $1.90 a day (2011 PPP) (%),SI.POV.GAPS,31.66907008
Central African Republic,CAF,Population living in slums (% of urban population),EN.POP.SLUM.UR.ZS,94.02986189
Canada,CAN,Poverty gap at $5.50 a day (2011 PPP) (%),SI.POV.UMIC.GP,0.324534222
Canada,CAN,Poverty gap at $3.20 a day (2011 PPP) (%),SI.POV.LMIC.GP,0.216894354
Canada,CAN,Poverty gap at $1.90 a day (2011 PPP) (%),SI.POV.GAPS,0.114869835
Chile,CHL,Poverty gap at $5.50 a day (2011 PPP) (%),SI.POV.UMIC.GP,5.37654947
Chile,CHL,Poverty gap at $3.20 a day (2011 PPP) (%),SI.POV.LMIC.GP,1.876373202
Chile,CHL,Poverty gap at $1.90 a day (2011 PPP) (%),SI.POV.GAPS,0.898449377
Chile,CHL,Population living in slums (% of urban population),EN.POP.SLUM.UR.ZS,9
China,CHN,Poverty gap at $5.50 a day (2011 PPP) (%),SI.POV.UMIC.GP,18.73457151
China,CHN,Poverty gap at $3.20 a day (2011 PPP) (%),SI.POV.LMIC.GP,6.360266008
China,CHN,Poverty gap at $1.90 a day (2011 PPP) (%),SI.POV.GAPS,1.463900025
China,CHN,Population living in slums (% of urban population),EN.POP.SLUM.UR.ZS,30.83983108
Cote d'Ivoire,CIV,Poverty gap at $5.50 a day (2011 PPP) (%),SI.POV.UMIC.GP,43.09149295
Cote d'Ivoire,CIV,Poverty gap at $3.20 a day (2011 PPP) (%),SI.POV.LMIC.GP,22.75142011
Cote d'Ivoire,CIV,Poverty gap at $1.90 a day (2011 PPP) (%),SI.POV.GAPS,8.758794966
Cote d'Ivoire,CIV,Population living in slums (% of urban population),EN.POP.SLUM.UR.ZS,56.21706294
Cameroon,CMR,Poverty gap at $5.50 a day (2011 PPP) (%),SI.POV.UMIC.GP,38.9150683
Cameroon,CMR,Poverty gap at $3.20 a day (2011 PPP) (%),SI.POV.LMIC.GP,20.2236432
Cameroon,CMR,Poverty gap at $1.90 a day (2011 PPP) (%),SI.POV.GAPS,7.273450818
Cameroon,CMR,Population living in slums (% of urban population),EN.POP.SLUM.UR.ZS,45.08587151
"Congo, Dem. Rep.",COD,Poverty gap at $5.50 a day (2011 PPP) (%),SI.POV.UMIC.GP,79.63516811
"Congo, Dem. Rep.",COD,Poverty gap at $3.20 a day (2011 PPP) (%),SI.POV.LMIC.GP,66.64052821
"Congo, Dem. Rep.",COD,Poverty gap at $1.90 a day (2011 PPP) (%),SI.POV.GAPS,49.54755292
"Congo, Dem. Rep.",COD,Population living in slums (% of urban population),EN.POP.SLUM.UR.ZS,70.2569904
"Congo, Rep.",COG,Poverty gap at $5.50 a day (2011 PPP) (%),SI.POV.UMIC.GP,52.67902809
"Congo, Rep.",COG,Poverty gap at $3.20 a day (2011 PPP) (%),SI.POV.LMIC.GP,34.11744422
"Congo, Rep.",COG,Poverty gap at $1.90 a day (2011 PPP) (%),SI.POV.GAPS,18.1463495
"Congo, Rep.",COG,Population living in slums (% of urban population),EN.POP.SLUM.UR.ZS,50.41691841
Colombia,COL,Poverty gap at $5.50 a day (2011 PPP) (%),SI.POV.UMIC.GP,16.79295119
Colombia,COL,Poverty gap at $3.20 a day (2011 PPP) (%),SI.POV.LMIC.GP,7.448856257
Colombia,COL,Poverty gap at $1.90 a day (2011 PPP) (%),SI.POV.GAPS,3.263686182
Colombia,COL,Population living in slums (% of urban population),EN.POP.SLUM.UR.ZS,16.44819404
Comoros,COM,Poverty gap at $5.50 a day (2011 PPP) (%),SI.POV.UMIC.GP,28.96118092
Comoros,COM,Poverty gap at $3.20 a day (2011 PPP) (%),SI.POV.LMIC.GP,13.3041347
Comoros,COM,Poverty gap at $1.90 a day (2011 PPP) (%),SI.POV.GAPS,4.789572006
Comoros,COM,Population living in slums (% of urban population),EN.POP.SLUM.UR.ZS,68.17989969
Cabo Verde,CPV,Poverty gap at $5.50 a day (2011 PPP) (%),SI.POV.UMIC.GP,25.2269697
Cabo Verde,CPV,Poverty gap at $3.20 a day (2011 PPP) (%),SI.POV.LMIC.GP,10.50714043
Cabo Verde,CPV,Poverty gap at $1.90 a day (2011 PPP) (%),SI.POV.GAPS,2.877498914
Costa Rica,CRI,Poverty gap at $5.50 a day (2011 PPP) (%),SI.POV.UMIC.GP,5.65192233
Costa Rica,CRI,Poverty gap at $3.20 a day (2011 PPP) (%),SI.POV.LMIC.GP,2.184519227
Costa Rica,CRI,Poverty gap at $1.90 a day (2011 PPP) (%),SI.POV.GAPS,0.959546189
Costa Rica,CRI,Population living in slums (% of urban population),EN.POP.SLUM.UR.ZS,7.742738534
Caribbean small states,CSS,Population living in slums (% of urban population),EN.POP.SLUM.UR.ZS,40.80522788
Djibouti,DJI,Poverty gap at $5.50 a day (2011 PPP) (%),SI.POV.UMIC.GP,34.58498817
Djibouti,DJI,Poverty gap at $3.20 a day (2011 PPP) (%),SI.POV.LMIC.GP,16.65225802
Djibouti,DJI,Poverty gap at $1.90 a day (2011 PPP) (%),SI.POV.GAPS,6.731575133
Djibouti,DJI,Population living in slums (% of urban population),EN.POP.SLUM.UR.ZS,65.6
Dominican Republic,DOM,Poverty gap at $5.50 a day (2011 PPP) (%),SI.POV.UMIC.GP,11.10796821
Dominican Republic,DOM,Poverty gap at $3.20 a day (2011 PPP) (%),SI.POV.LMIC.GP,3.623870058
Dominican Republic,DOM,Poverty gap at $1.90 a day (2011 PPP) (%),SI.POV.GAPS,0.987259703
Dominican Republic,DOM,Population living in slums (% of urban population),EN.POP.SLUM.UR.ZS,16.07158881
Algeria,DZA,Poverty gap at $5.50 a day (2011 PPP) (%),SI.POV.UMIC.GP,6.7
Algeria,DZA,Poverty gap at $3.20 a day (2011 PPP) (%),SI.POV.LMIC.GP,0.8
Algeria,DZA,Poverty gap at $1.90 a day (2011 PPP) (%),SI.POV.GAPS,0.2
East Asia & Pacific (excluding high income),EAP,Population living in slums (% of urban population),EN.POP.SLUM.UR.ZS,31.01271796
Early-demographic dividend,EAR,Population living in slums (% of urban population),EN.POP.SLUM.UR.ZS,32.18100038
East Asia & Pacific,EAS,Poverty gap at $5.50 a day (2011 PPP) (%),SI.POV.UMIC.GP,23.08481922
East Asia & Pacific,EAS,Poverty gap at $3.20 a day (2011 PPP) (%),SI.POV.LMIC.GP,8.96924317
East Asia & Pacific,EAS,Poverty gap at $1.90 a day (2011 PPP) (%),SI.POV.GAPS,2.11494516
East Asia & Pacific,EAS,Population living in slums (% of urban population),EN.POP.SLUM.UR.ZS,31.01271796
Europe & Central Asia,ECS,Poverty gap at $5.50 a day (2011 PPP) (%),SI.POV.UMIC.GP,6.751919384
Europe & Central Asia,ECS,Poverty gap at $3.20 a day (2011 PPP) (%),SI.POV.LMIC.GP,2.46494813
Europe & Central Asia,ECS,Poverty gap at $1.90 a day (2011 PPP) (%),SI.POV.GAPS,0.70917069
Ecuador,ECU,Poverty gap at $5.50 a day (2011 PPP) (%),SI.POV.UMIC.GP,14.2659597
Ecuador,ECU,Poverty gap at $3.20 a day (2011 PPP) (%),SI.POV.LMIC.GP,5.87421731
Ecuador,ECU,Poverty gap at $1.90 a day (2011 PPP) (%),SI.POV.GAPS,2.330644248
Ecuador,ECU,Population living in slums (% of urban population),EN.POP.SLUM.UR.ZS,27.82085549
"Egypt, Arab Rep.",EGY,Poverty gap at $5.50 a day (2011 PPP) (%),SI.POV.UMIC.GP,22.8179958
"Egypt, Arab Rep.",EGY,Poverty gap at $3.20 a day (2011 PPP) (%),SI.POV.LMIC.GP,4.466616155
"Egypt, Arab Rep.",EGY,Poverty gap at $1.90 a day (2011 PPP) (%),SI.POV.GAPS,0.310369115
"Egypt, Arab Rep.",EGY,Population living in slums (% of urban population),EN.POP.SLUM.UR.ZS,15.72274666
Spain,ESP,Poverty gap at $5.50 a day (2011 PPP) (%),SI.POV.UMIC.GP,1.150259559
Spain,ESP,Poverty gap at $3.20 a day (2011 PPP) (%),SI.POV.LMIC.GP,0.723593867
Spain,ESP,Poverty gap at $1.90 a day (2011 PPP) (%),SI.POV.GAPS,0.559710069
Estonia,EST,Poverty gap at $5.50 a day (2011 PPP) (%),SI.POV.UMIC.GP,1.538576911
Estonia,EST,Poverty gap at $3.20 a day (2011 PPP) (%),SI.POV.LMIC.GP,0.697973222
Estonia,EST,Poverty gap at $1.90 a day (2011 PPP) (%),SI.POV.GAPS,0.428003835
Ethiopia,ETH,Poverty gap at $5.50 a day (2011 PPP) (%),SI.POV.UMIC.GP,52.1534067
Ethiopia,ETH,Poverty gap at $3.20 a day (2011 PPP) (%),SI.POV.LMIC.GP,27.72006783
Ethiopia,ETH,Poverty gap at $1.90 a day (2011 PPP) (%),SI.POV.GAPS,8.865786246
Ethiopia,ETH,Population living in slums (% of urban population),EN.POP.SLUM.UR.ZS,79.80319171
Fragile and conflict affected situations,FCS,Poverty gap at $5.50 a day (2011 PPP) (%),SI.POV.UMIC.GP,47.9950354
Fragile and conflict affected situations,FCS,Poverty gap at $3.20 a day (2011 PPP) (%),SI.POV.LMIC.GP,30.68527891
Fragile and conflict affected situations,FCS,Poverty gap at $1.90 a day (2011 PPP) (%),SI.POV.GAPS,17.36099167
Fragile and conflict affected situations,FCS,Population living in slums (% of urban population),EN.POP.SLUM.UR.ZS,59.02296197
Fiji,FJI,Poverty gap at $5.50 a day (2011 PPP) (%),SI.POV.UMIC.GP,16.83283685
Fiji,FJI,Poverty gap at $3.20 a day (2011 PPP) (%),SI.POV.LMIC.GP,4.109989522
Fiji,FJI,Poverty gap at $1.90 a day (2011 PPP) (%),SI.POV.GAPS,0.476220316
"Micronesia, Fed. Sts.",FSM,Poverty gap at $5.50 a day (2011 PPP) (%),SI.POV.UMIC.GP,25.57576978
"Micronesia, Fed. Sts.",FSM,Poverty gap at $3.20 a day (2011 PPP) (%),SI.POV.LMIC.GP,10.38845513
"Micronesia, Fed. Sts.",FSM,Poverty gap at $1.90 a day (2011 PPP) (%),SI.POV.GAPS,2.966479395
Gabon,GAB,Poverty gap at $5.50 a day (2011 PPP) (%),SI.POV.UMIC.GP,15.48418548
Gabon,GAB,Poverty gap at $3.20 a day (2011 PPP) (%),SI.POV.LMIC.GP,4.995998399
Gabon,GAB,Poverty gap at $1.90 a day (2011 PPP) (%),SI.POV.GAPS,1.2
Gabon,GAB,Population living in slums (% of urban population),EN.POP.SLUM.UR.ZS,37.84045454
United Kingdom,GBR,Poverty gap at $5.50 a day (2011 PPP) (%),SI.POV.UMIC.GP,0.339356724
United Kingdom,GBR,Poverty gap at $3.20 a day (2011 PPP) (%),SI.POV.LMIC.GP,0.185122661
United Kingdom,GBR,Poverty gap at $1.90 a day (2011 PPP) (%),SI.POV.GAPS,0.138071307
Georgia,GEO,Poverty gap at $5.50 a day (2011 PPP) (%),SI.POV.UMIC.GP,23.20107633
Georgia,GEO,Poverty gap at $3.20 a day (2011 PPP) (%),SI.POV.LMIC.GP,8.736854657
Georgia,GEO,Poverty gap at $1.90 a day (2011 PPP) (%),SI.POV.GAPS,2.632364788
Ghana,GHA,Poverty gap at $5.50 a day (2011 PPP) (%),SI.POV.UMIC.GP,29.63265662
Ghana,GHA,Poverty gap at $3.20 a day (2011 PPP) (%),SI.POV.LMIC.GP,13.80809229
Ghana,GHA,Poverty gap at $1.90 a day (2011 PPP) (%),SI.POV.GAPS,5.128534148
Ghana,GHA,Population living in slums (% of urban population),EN.POP.SLUM.UR.ZS,43.39345054
Guinea,GIN,Poverty gap at $5.50 a day (2011 PPP) (%),SI.POV.UMIC.GP,59.60025937
Guinea,GIN,Poverty gap at $3.20 a day (2011 PPP) (%),SI.POV.LMIC.GP,38.58699303
Guinea,GIN,Poverty gap at $1.90 a day (2011 PPP) (%),SI.POV.GAPS,18.65616622
Guinea,GIN,Population living in slums (% of urban population),EN.POP.SLUM.UR.ZS,47.71102311
"Gambia, The",GMB,Poverty gap at $5.50 a day (2011 PPP) (%),SI.POV.UMIC.GP,40.4173695
"Gambia, The",GMB,Poverty gap at $3.20 a day (2011 PPP) (%),SI.POV.LMIC.GP,19.78952614
"Gambia, The",GMB,Poverty gap at $1.90 a day (2011 PPP) (%),SI.POV.GAPS,6.605046645
"Gambia, The",GMB,Population living in slums (% of urban population),EN.POP.SLUM.UR.ZS,38.02519474
Guinea-Bissau,GNB,Poverty gap at $5.50 a day (2011 PPP) (%),SI.POV.UMIC.GP,63.69489775
Guinea-Bissau,GNB,Poverty gap at $3.20 a day (2011 PPP) (%),SI.POV.LMIC.GP,44.37476761
Guinea-Bissau,GNB,Poverty gap at $1.90 a day (2011 PPP) (%),SI.POV.GAPS,23.81806037
Guinea-Bissau,GNB,Population living in slums (% of urban population),EN.POP.SLUM.UR.ZS,82.69903264
Equatorial Guinea,GNQ,Population living in slums (% of urban population),EN.POP.SLUM.UR.ZS,66.24998113
Greece,GRC,Poverty gap at $5.50 a day (2011 PPP) (%),SI.POV.UMIC.GP,1.192075865
Greece,GRC,Poverty gap at $3.20 a day (2011 PPP) (%),SI.POV.LMIC.GP,0.70620282
Greece,GRC,Poverty gap at $1.90 a day (2011 PPP) (%),SI.POV.GAPS,0.449929791
Grenada,GRD,Population living in slums (% of urban population),EN.POP.SLUM.UR.ZS,6
Guatemala,GTM,Poverty gap at $5.50 a day (2011 PPP) (%),SI.POV.UMIC.GP,19.72496856
Guatemala,GTM,Poverty gap at $3.20 a day (2011 PPP) (%),SI.POV.LMIC.GP,8.647127249
Guatemala,GTM,Poverty gap at $1.90 a day (2011 PPP) (%),SI.POV.GAPS,3.125253313
Guatemala,GTM,Population living in slums (% of urban population),EN.POP.SLUM.UR.ZS,40.75289996
Guyana,GUY,Population living in slums (% of urban population),EN.POP.SLUM.UR.ZS,33.37414868
High income,HIC,Poverty gap at $5.50 a day (2011 PPP) (%),SI.POV.UMIC.GP,0.921429055
High income,HIC,Poverty gap at $3.20 a day (2011 PPP) (%),SI.POV.LMIC.GP,0.573265675
High income,HIC,Poverty gap at $1.90 a day (2011 PPP) (%),SI.POV.GAPS,0.411314238
Honduras,HND,Poverty gap at $5.50 a day (2011 PPP) (%),SI.POV.UMIC.GP,27.91991671
Honduras,HND,Poverty gap at $3.20 a day (2011 PPP) (%),SI.POV.LMIC.GP,15.47471303
Honduras,HND,Poverty gap at $1.90 a day (2011 PPP) (%),SI.POV.GAPS,7.621052413
Honduras,HND,Population living in slums (% of urban population),EN.POP.SLUM.UR.ZS,30.97983215
Heavily indebted poor countries (HIPC),HPC,Population living in slums (% of urban population),EN.POP.SLUM.UR.ZS,64.01189593
Croatia,HRV,Poverty gap at $5.50 a day (2011 PPP) (%),SI.POV.UMIC.GP,2.093550978
Croatia,HRV,Poverty gap at $3.20 a day (2011 PPP) (%),SI.POV.LMIC.GP,0.839528484
Croatia,HRV,Poverty gap at $1.90 a day (2011 PPP) (%),SI.POV.GAPS,0.527336193
Haiti,HTI,Poverty gap at $5.50 a day (2011 PPP) (%),SI.POV.UMIC.GP,39.8
Haiti,HTI,Poverty gap at $3.20 a day (2011 PPP) (%),SI.POV.LMIC.GP,20.3
Haiti,HTI,Poverty gap at $1.90 a day (2011 PPP) (%),SI.POV.GAPS,8.1
Haiti,HTI,Population living in slums (% of urban population),EN.POP.SLUM.UR.ZS,75.13023947
Hungary,HUN,Poverty gap at $5.50 a day (2011 PPP) (%),SI.POV.UMIC.GP,0.618951674
IBRD only,IBD,Population living in slums (% of urban population),EN.POP.SLUM.UR.ZS,29.06634137
IDA & IBRD total,IBT,Population living in slums (% of urban population),EN.POP.SLUM.UR.ZS,34.26832916
IDA total,IDA,Poverty gap at $5.50 a day (2011 PPP) (%),SI.POV.UMIC.GP,49.65133841
IDA total,IDA,Poverty gap at $3.20 a day (2011 PPP) (%),SI.POV.LMIC.GP,29.1657696
IDA total,IDA,Poverty gap at $1.90 a day (2011 PPP) (%),SI.POV.GAPS,13.51974826
IDA total,IDA,Population living in slums (% of urban population),EN.POP.SLUM.UR.ZS,59.43996968
IDA blend,IDB,Population living in slums (% of urban population),EN.POP.SLUM.UR.ZS,52.94657568
Indonesia,IDN,Poverty gap at $5.50 a day (2011 PPP) (%),SI.POV.UMIC.GP,37.63698209
Indonesia,IDN,Poverty gap at $3.20 a day (2011 PPP) (%),SI.POV.LMIC.GP,15.88701169
Indonesia,IDN,Poverty gap at $1.90 a day (2011 PPP) (%),SI.POV.GAPS,2.955853865
Indonesia,IDN,Population living in slums (% of urban population),EN.POP.SLUM.UR.ZS,25.33292115
IDA only,IDX,Population living in slums (% of urban population),EN.POP.SLUM.UR.ZS,62.5156939
India,IND,Poverty gap at $5.50 a day (2011 PPP) (%),SI.POV.UMIC.GP,48.62945259
India,IND,Poverty gap at $3.20 a day (2011 PPP) (%),SI.POV.LMIC.GP,24.71425142
India,IND,Poverty gap at $1.90 a day (2011 PPP) (%),SI.POV.GAPS,6.518056304
India,IND,Population living in slums (% of urban population),EN.POP.SLUM.UR.ZS,31.83744363
Ireland,IRL,Poverty gap at $5.50 a day (2011 PPP) (%),SI.POV.UMIC.GP,0.323405134
"Iran, Islamic Rep.",IRN,Poverty gap at $5.50 a day (2011 PPP) (%),SI.POV.UMIC.GP,3.098783945
"Iran, Islamic Rep.",IRN,Poverty gap at $3.20 a day (2011 PPP) (%),SI.POV.LMIC.GP,0.533183356
"Iran, Islamic Rep.",IRN,Population living in slums (% of urban population),EN.POP.SLUM.UR.ZS,30.3
Iraq,IRQ,Poverty gap at $5.50 a day (2011 PPP) (%),SI.POV.UMIC.GP,19.13530768
Iraq,IRQ,Poverty gap at $3.20 a day (2011 PPP) (%),SI.POV.LMIC.GP,3.9
Iraq,IRQ,Poverty gap at $1.90 a day (2011 PPP) (%),SI.POV.GAPS,0.346410162
Iraq,IRQ,Population living in slums (% of urban population),EN.POP.SLUM.UR.ZS,41.10986912
Israel,ISR,Poverty gap at $5.50 a day (2011 PPP) (%),SI.POV.UMIC.GP,1.052183569
Israel,ISR,Poverty gap at $3.20 a day (2011 PPP) (%),SI.POV.LMIC.GP,0.309168204
Italy,ITA,Poverty gap at $5.50 a day (2011 PPP) (%),SI.POV.UMIC.GP,1.228105726
Italy,ITA,Poverty gap at $3.20 a day (2011 PPP) (%),SI.POV.LMIC.GP,0.880705759
Italy,ITA,Poverty gap at $1.90 a day (2011 PPP) (%),SI.POV.GAPS,0.692481896
Jamaica,JAM,Poverty gap at $5.50 a day (2011 PPP) (%),SI.POV.UMIC.GP,10.29660138
Jamaica,JAM,Poverty gap at $3.20 a day (2011 PPP) (%),SI.POV.LMIC.GP,2.653299832
Jamaica,JAM,Poverty gap at $1.90 a day (2011 PPP) (%),SI.POV.GAPS,0.529150262
Jamaica,JAM,Population living in slums (% of urban population),EN.POP.SLUM.UR.ZS,60.5
Jordan,JOR,Poverty gap at $5.50 a day (2011 PPP) (%),SI.POV.UMIC.GP,5.939665466
Jordan,JOR,Poverty gap at $3.20 a day (2011 PPP) (%),SI.POV.LMIC.GP,0.708516772
Jordan,JOR,Population living in slums (% of urban population),EN.POP.SLUM.UR.ZS,16.30681085
Japan,JPN,Poverty gap at $5.50 a day (2011 PPP) (%),SI.POV.UMIC.GP,0.5
Japan,JPN,Poverty gap at $3.20 a day (2011 PPP) (%),SI.POV.LMIC.GP,0.3
Japan,JPN,Poverty gap at $1.90 a day (2011 PPP) (%),SI.POV.GAPS,0.2
Kazakhstan,KAZ,Poverty gap at $5.50 a day (2011 PPP) (%),SI.POV.UMIC.GP,4.434065191
Kenya,KEN,Poverty gap at $5.50 a day (2011 PPP) (%),SI.POV.UMIC.GP,51.1128164
Kenya,KEN,Poverty gap at $3.20 a day (2011 PPP) (%),SI.POV.LMIC.GP,30.75256087
Kenya,KEN,Poverty gap at $1.90 a day (2011 PPP) (%),SI.POV.GAPS,13.70839159
Kenya,KEN,Population living in slums (% of urban population),EN.POP.SLUM.UR.ZS,55.0178235
Kyrgyz Republic,KGZ,Poverty gap at $5.50 a day (2011 PPP) (%),SI.POV.UMIC.GP,29.16631464
Kyrgyz Republic,KGZ,Poverty gap at $3.20 a day (2011 PPP) (%),SI.POV.LMIC.GP,8.400973882
Kyrgyz Republic,KGZ,Poverty gap at $1.90 a day (2011 PPP) (%),SI.POV.GAPS,1.167759274
Cambodia,KHM,Population living in slums (% of urban population),EN.POP.SLUM.UR.ZS,65.93474046
Kiribati,KIR,Poverty gap at $5.50 a day (2011 PPP) (%),SI.POV.UMIC.GP,29.1
Kiribati,KIR,Poverty gap at $3.20 a day (2011 PPP) (%),SI.POV.LMIC.GP,11.3
Kiribati,KIR,Poverty gap at $1.90 a day (2011 PPP) (%),SI.POV.GAPS,3.3
"Korea, Rep.",KOR,Poverty gap at $5.50 a day (2011 PPP) (%),SI.POV.UMIC.GP,0.543878653
"Korea, Rep.",KOR,Poverty gap at $3.20 a day (2011 PPP) (%),SI.POV.LMIC.GP,0.271080601
"Korea, Rep.",KOR,Poverty gap at $1.90 a day (2011 PPP) (%),SI.POV.GAPS,0.168179283
Latin America & Caribbean (excluding high income),LAC,Population living in slums (% of urban population),EN.POP.SLUM.UR.ZS,25.1317959
Lao PDR,LAO,Poverty gap at $5.50 a day (2011 PPP) (%),SI.POV.UMIC.GP,46.90824304
Lao PDR,LAO,Poverty gap at $3.20 a day (2011 PPP) (%),SI.POV.LMIC.GP,23.34917745
Lao PDR,LAO,Poverty gap at $1.90 a day (2011 PPP) (%),SI.POV.GAPS,6.440241237
Lao PDR,LAO,Population living in slums (% of urban population),EN.POP.SLUM.UR.ZS,49.9001002
Lebanon,LBN,Poverty gap at $5.50 a day (2011 PPP) (%),SI.POV.UMIC.GP,0.3
Lebanon,LBN,Population living in slums (% of urban population),EN.POP.SLUM.UR.ZS,53.1
Liberia,LBR,Poverty gap at $5.50 a day (2011 PPP) (%),SI.POV.UMIC.GP,58.37564859
Liberia,LBR,Poverty gap at $3.20 a day (2011 PPP) (%),SI.POV.LMIC.GP,36.48374356
Liberia,LBR,Poverty gap at $1.90 a day (2011 PPP) (%),SI.POV.GAPS,16.22850491
Liberia,LBR,Population living in slums (% of urban population),EN.POP.SLUM.UR.ZS,66.98738687
St. Lucia,LCA,Poverty gap at $5.50 a day (2011 PPP) (%),SI.POV.UMIC.GP,9.4
St. Lucia,LCA,Poverty gap at $3.20 a day (2011 PPP) (%),SI.POV.LMIC.GP,4.8
St. Lucia,LCA,Poverty gap at $1.90 a day (2011 PPP) (%),SI.POV.GAPS,2.7
St. Lucia,LCA,Population living in slums (% of urban population),EN.POP.SLUM.UR.ZS,11.9
Latin America & Caribbean,LCN,Poverty gap at $5.50 a day (2011 PPP) (%),SI.POV.UMIC.GP,13.11899156
Latin America & Caribbean,LCN,Poverty gap at $3.20 a day (2011 PPP) (%),SI.POV.LMIC.GP,5.668437585
Latin America & Caribbean,LCN,Poverty gap at $1.90 a day (2011 PPP) (%),SI.POV.GAPS,2.45750515
Latin America & Caribbean,LCN,Population living in slums (% of urban population),EN.POP.SLUM.UR.ZS,24.99623007
Least developed countries: UN classification,LDC,Population living in slums (% of urban population),EN.POP.SLUM.UR.ZS,66.79088533
Low income,LIC,Poverty gap at $5.50 a day (2011 PPP) (%),SI.POV.UMIC.GP,57.77657447
Low income,LIC,Poverty gap at $3.20 a day (2011 PPP) (%),SI.POV.LMIC.GP,38.41620995
Low income,LIC,Poverty gap at $1.90 a day (2011 PPP) (%),SI.POV.GAPS,20.69792932
Low income,LIC,Population living in slums (% of urban population),EN.POP.SLUM.UR.ZS,66.94163772
Sri Lanka,LKA,Poverty gap at $5.50 a day (2011 PPP) (%),SI.POV.UMIC.GP,18.24951714
Sri Lanka,LKA,Poverty gap at $3.20 a day (2011 PPP) (%),SI.POV.LMIC.GP,4.223634316
Sri Lanka,LKA,Poverty gap at $1.90 a day (2011 PPP) (%),SI.POV.GAPS,0.384464157
Lower middle income,LMC,Poverty gap at $5.50 a day (2011 PPP) (%),SI.POV.UMIC.GP,41.12801678
Lower middle income,LMC,Poverty gap at $3.20 a day (2011 PPP) (%),SI.POV.LMIC.GP,19.72853583
Lower middle income,LMC,Poverty gap at $1.90 a day (2011 PPP) (%),SI.POV.GAPS,5.700396662
Lower middle income,LMC,Population living in slums (% of urban population),EN.POP.SLUM.UR.ZS,37.81746868
Low & middle income,LMY,Poverty gap at $5.50 a day (2011 PPP) (%),SI.POV.UMIC.GP,31.80517746
Low & middle income,LMY,Poverty gap at $3.20 a day (2011 PPP) (%),SI.POV.LMIC.GP,15.63157281
Low & middle income,LMY,Poverty gap at $1.90 a day (2011 PPP) (%),SI.POV.GAPS,5.4470645
Low & middle income,LMY,Population living in slums (% of urban population),EN.POP.SLUM.UR.ZS,34.30822191
Lesotho,LSO,Poverty gap at $5.50 a day (2011 PPP) (%),SI.POV.UMIC.GP,63.89718304
Lesotho,LSO,Poverty gap at $3.20 a day (2011 PPP) (%),SI.POV.LMIC.GP,47.89906053
Lesotho,LSO,Poverty gap at $1.90 a day (2011 PPP) (%),SI.POV.GAPS,31.89984326
Lesotho,LSO,Population living in slums (% of urban population),EN.POP.SLUM.UR.ZS,45.40796313
Late-demographic dividend,LTE,Population living in slums (% of urban population),EN.POP.SLUM.UR.ZS,29.33279316
Lithuania,LTU,Poverty gap at $5.50 a day (2011 PPP) (%),SI.POV.UMIC.GP,2.618426529
Lithuania,LTU,Poverty gap at $3.20 a day (2011 PPP) (%),SI.POV.LMIC.GP,1.245892631
Lithuania,LTU,Poverty gap at $1.90 a day (2011 PPP) (%),SI.POV.GAPS,0.769854486
Latvia,LVA,Poverty gap at $5.50 a day (2011 PPP) (%),SI.POV.UMIC.GP,2.781667053
Latvia,LVA,Poverty gap at $3.20 a day (2011 PPP) (%),SI.POV.LMIC.GP,1.146870081
Latvia,LVA,Poverty gap at $1.90 a day (2011 PPP) (%),SI.POV.GAPS,0.614569616
Morocco,MAR,Poverty gap at $5.50 a day (2011 PPP) (%),SI.POV.UMIC.GP,14.89916365
Morocco,MAR,Poverty gap at $3.20 a day (2011 PPP) (%),SI.POV.LMIC.GP,3.647918999
Morocco,MAR,Poverty gap at $1.90 a day (2011 PPP) (%),SI.POV.GAPS,0.538321261
Morocco,MAR,Population living in slums (% of urban population),EN.POP.SLUM.UR.ZS,14.8108543
Moldova,MDA,Poverty gap at $5.50 a day (2011 PPP) (%),SI.POV.UMIC.GP,10.28874335
Moldova,MDA,Poverty gap at $3.20 a day (2011 PPP) (%),SI.POV.LMIC.GP,1.663674573
Madagascar,MDG,Poverty gap at $5.50 a day (2011 PPP) (%),SI.POV.UMIC.GP,71.08702262
Madagascar,MDG,Poverty gap at $3.20 a day (2011 PPP) (%),SI.POV.LMIC.GP,54.82310891
Madagascar,MDG,Poverty gap at $1.90 a day (2011 PPP) (%),SI.POV.GAPS,35.39077853
Madagascar,MDG,Population living in slums (% of urban population),EN.POP.SLUM.UR.ZS,79.1698063
Maldives,MDV,Poverty gap at $5.50 a day (2011 PPP) (%),SI.POV.UMIC.GP,25.55582125
Maldives,MDV,Poverty gap at $3.20 a day (2011 PPP) (%),SI.POV.LMIC.GP,9.001666512
Maldives,MDV,Poverty gap at $1.90 a day (2011 PPP) (%),SI.POV.GAPS,1.974841766
Middle East & North Africa,MEA,Poverty gap at $5.50 a day (2011 PPP) (%),SI.POV.UMIC.GP,14.98190391
Middle East & North Africa,MEA,Poverty gap at $3.20 a day (2011 PPP) (%),SI.POV.LMIC.GP,3.692374833
Middle East & North Africa,MEA,Poverty gap at $1.90 a day (2011 PPP) (%),SI.POV.GAPS,0.542478659
Middle East & North Africa,MEA,Population living in slums (% of urban population),EN.POP.SLUM.UR.ZS,27.19039137
Mexico,MEX,Poverty gap at $5.50 a day (2011 PPP) (%),SI.POV.UMIC.GP,12.93407894
Mexico,MEX,Poverty gap at $3.20 a day (2011 PPP) (%),SI.POV.LMIC.GP,4.619847999
Mexico,MEX,Poverty gap at $1.90 a day (2011 PPP) (%),SI.POV.GAPS,1.563959202
Mexico,MEX,Population living in slums (% of urban population),EN.POP.SLUM.UR.ZS,14.62935773
Middle income,MIC,Population living in slums (% of urban population),EN.POP.SLUM.UR.ZS,32.25152825
North Macedonia,MKD,Poverty gap at $5.50 a day (2011 PPP) (%),SI.POV.UMIC.GP,12.07972285
North Macedonia,MKD,Poverty gap at $3.20 a day (2011 PPP) (%),SI.POV.LMIC.GP,5.811774236
North Macedonia,MKD,Poverty gap at $1.90 a day (2011 PPP) (%),SI.POV.GAPS,2.960509025
Mali,MLI,Poverty gap at $5.50 a day (2011 PPP) (%),SI.POV.UMIC.GP,59.47193865
Mali,MLI,Poverty gap at $3.20 a day (2011 PPP) (%),SI.POV.LMIC.GP,38.64051649
Mali,MLI,Poverty gap at $1.90 a day (2011 PPP) (%),SI.POV.GAPS,18.46582246
Mali,MLI,Population living in slums (% of urban population),EN.POP.SLUM.UR.ZS,65.60050715
Myanmar,MMR,Poverty gap at $5.50 a day (2011 PPP) (%),SI.POV.UMIC.GP,25.7
Myanmar,MMR,Poverty gap at $3.20 a day (2011 PPP) (%),SI.POV.LMIC.GP,7.7
Myanmar,MMR,Poverty gap at $1.90 a day (2011 PPP) (%),SI.POV.GAPS,1.5
Myanmar,MMR,Population living in slums (% of urban population),EN.POP.SLUM.UR.ZS,43.2388714
Middle East & North Africa (excluding high income),MNA,Population living in slums (% of urban population),EN.POP.SLUM.UR.ZS,28.46290299
Montenegro,MNE,Poverty gap at $5.50 a day (2011 PPP) (%),SI.POV.UMIC.GP,1.433394601
Mongolia,MNG,Poverty gap at $5.50 a day (2011 PPP) (%),SI.POV.UMIC.GP,9.667622731
Mongolia,MNG,Poverty gap at $3.20 a day (2011 PPP) (%),SI.POV.LMIC.GP,1.663321358
Mongolia,MNG,Population living in slums (% of urban population),EN.POP.SLUM.UR.ZS,55.20868778
Mozambique,MOZ,Poverty gap at $5.50 a day (2011 PPP) (%),SI.POV.UMIC.GP,69.10188128
Mozambique,MOZ,Poverty gap at $3.20 a day (2011 PPP) (%),SI.POV.LMIC.GP,52.49098657
Mozambique,MOZ,Poverty gap at $1.90 a day (2011 PPP) (%),SI.POV.GAPS,33.2321177
Mozambique,MOZ,Population living in slums (% of urban population),EN.POP.SLUM.UR.ZS,79.69573107
Mauritania,MRT,Poverty gap at $5.50 a day (2011 PPP) (%),SI.POV.UMIC.GP,28.93941411
Mauritania,MRT,Poverty gap at $3.20 a day (2011 PPP) (%),SI.POV.LMIC.GP,11.24043338
Mauritania,MRT,Poverty gap at $1.90 a day (2011 PPP) (%),SI.POV.GAPS,2.900343332
Mauritania,MRT,Population living in slums (% of urban population),EN.POP.SLUM.UR.ZS,79.9
Mauritius,MUS,Poverty gap at $5.50 a day (2011 PPP) (%),SI.POV.UMIC.GP,4.436214603
Mauritius,MUS,Poverty gap at $3.20 a day (2011 PPP) (%),SI.POV.LMIC.GP,0.7
Mauritius,MUS,Poverty gap at $1.90 a day (2011 PPP) (%),SI.POV.GAPS,0.1
Malawi,MWI,Poverty gap at $5.50 a day (2011 PPP) (%),SI.POV.UMIC.GP,69.83020076
Malawi,MWI,Poverty gap at $3.20 a day (2011 PPP) (%),SI.POV.LMIC.GP,52.35357853
Malawi,MWI,Poverty gap at $1.90 a day (2011 PPP) (%),SI.POV.GAPS,31.57758652
Malawi,MWI,Population living in slums (% of urban population),EN.POP.SLUM.UR.ZS,67.21310778
Malaysia,MYS,Poverty gap at $5.50 a day (2011 PPP) (%),SI.POV.UMIC.GP,1.913918905
Namibia,NAM,Poverty gap at $5.50 a day (2011 PPP) (%),SI.POV.UMIC.GP,32.73225782
Namibia,NAM,Poverty gap at $3.20 a day (2011 PPP) (%),SI.POV.LMIC.GP,17.34603441
Namibia,NAM,Poverty gap at $1.90 a day (2011 PPP) (%),SI.POV.GAPS,6.765511652
Namibia,NAM,Population living in slums (% of urban population),EN.POP.SLUM.UR.ZS,33.61896298
Niger,NER,Poverty gap at $5.50 a day (2011 PPP) (%),SI.POV.UMIC.GP,63.75875499
Niger,NER,Poverty gap at $3.20 a day (2011 PPP) (%),SI.POV.LMIC.GP,43.17427723
Niger,NER,Poverty gap at $1.90 a day (2011 PPP) (%),SI.POV.GAPS,20.91051382
Niger,NER,Population living in slums (% of urban population),EN.POP.SLUM.UR.ZS,79.52605444
Nigeria,NGA,Poverty gap at $5.50 a day (2011 PPP) (%),SI.POV.UMIC.GP,60.1474854
Nigeria,NGA,Poverty gap at $3.20 a day (2011 PPP) (%),SI.POV.LMIC.GP,40.54922934
Nigeria,NGA,Poverty gap at $1.90 a day (2011 PPP) (%),SI.POV.GAPS,21.84994279
Nigeria,NGA,Population living in slums (% of urban population),EN.POP.SLUM.UR.ZS,62.12526923
Nicaragua,NIC,Poverty gap at $5.50 a day (2011 PPP) (%),SI.POV.UMIC.GP,19.78980695
Nicaragua,NIC,Poverty gap at $3.20 a day (2011 PPP) (%),SI.POV.LMIC.GP,7.277560901
Nicaragua,NIC,Poverty gap at $1.90 a day (2011 PPP) (%),SI.POV.GAPS,2.002899937
Nicaragua,NIC,Population living in slums (% of urban population),EN.POP.SLUM.UR.ZS,49.89511346
Netherlands,NLD,Poverty gap at $5.50 a day (2011 PPP) (%),SI.POV.UMIC.GP,0.133483985
Norway,NOR,Poverty gap at $5.50 a day (2011 PPP) (%),SI.POV.UMIC.GP,0.166705859
Nepal,NPL,Poverty gap at $5.50 a day (2011 PPP) (%),SI.POV.UMIC.GP,46.09989154
Nepal,NPL,Poverty gap at $3.20 a day (2011 PPP) (%),SI.POV.LMIC.GP,23.17757537
Nepal,NPL,Poverty gap at $1.90 a day (2011 PPP) (%),SI.POV.GAPS,6.704476117
Nepal,NPL,Population living in slums (% of urban population),EN.POP.SLUM.UR.ZS,59.21424747
Pakistan,PAK,Poverty gap at $5.50 a day (2011 PPP) (%),SI.POV.UMIC.GP,38.03804485
Pakistan,PAK,Poverty gap at $3.20 a day (2011 PPP) (%),SI.POV.LMIC.GP,13.68990788
Pakistan,PAK,Poverty gap at $1.90 a day (2011 PPP) (%),SI.POV.GAPS,1.689602533
Pakistan,PAK,Population living in slums (% of urban population),EN.POP.SLUM.UR.ZS,47.04825805
Panama,PAN,Poverty gap at $5.50 a day (2011 PPP) (%),SI.POV.UMIC.GP,10.60653727
Panama,PAN,Poverty gap at $3.20 a day (2011 PPP) (%),SI.POV.LMIC.GP,4.815041035
Panama,PAN,Poverty gap at $1.90 a day (2011 PPP) (%),SI.POV.GAPS,1.855675488
Panama,PAN,Population living in slums (% of urban population),EN.POP.SLUM.UR.ZS,24.35980295
Peru,PER,Poverty gap at $5.50 a day (2011 PPP) (%),SI.POV.UMIC.GP,15.32954443
Peru,PER,Poverty gap at $3.20 a day (2011 PPP) (%),SI.POV.LMIC.GP,6.660099125
Peru,PER,Poverty gap at $1.90 a day (2011 PPP) (%),SI.POV.GAPS,2.368219405
Peru,PER,Population living in slums (% of urban population),EN.POP.SLUM.UR.ZS,37.88092901
Philippines,PHL,Poverty gap at $5.50 a day (2011 PPP) (%),SI.POV.UMIC.GP,26.82154595
Philippines,PHL,Poverty gap at $3.20 a day (2011 PPP) (%),SI.POV.LMIC.GP,10.73057948
Philippines,PHL,Poverty gap at $1.90 a day (2011 PPP) (%),SI.POV.GAPS,2.450306647
Philippines,PHL,Population living in slums (% of urban population),EN.POP.SLUM.UR.ZS,42.37767998
Papua New Guinea,PNG,Poverty gap at $5.50 a day (2011 PPP) (%),SI.POV.UMIC.GP,50.2
Papua New Guinea,PNG,Poverty gap at $3.20 a day (2011 PPP) (%),SI.POV.LMIC.GP,30.2
Papua New Guinea,PNG,Poverty gap at $1.90 a day (2011 PPP) (%),SI.POV.GAPS,14.8
Poland,POL,Poverty gap at $5.50 a day (2011 PPP) (%),SI.POV.UMIC.GP,1.275833797
Poland,POL,Poverty gap at $3.20 a day (2011 PPP) (%),SI.POV.LMIC.GP,0.425738989
Poland,POL,Poverty gap at $1.90 a day (2011 PPP) (%),SI.POV.GAPS,0.183314524
Pre-demographic dividend,PRE,Population living in slums (% of urban population),EN.POP.SLUM.UR.ZS,62.45171244
Portugal,PRT,Poverty gap at $5.50 a day (2011 PPP) (%),SI.POV.UMIC.GP,0.932876725
Portugal,PRT,Poverty gap at $3.20 a day (2011 PPP) (%),SI.POV.LMIC.GP,0.339838922
Paraguay,PRY,Poverty gap at $5.50 a day (2011 PPP) (%),SI.POV.UMIC.GP,11.15977949
Paraguay,PRY,Poverty gap at $3.20 a day (2011 PPP) (%),SI.POV.LMIC.GP,4.136192185
Paraguay,PRY,Poverty gap at $1.90 a day (2011 PPP) (%),SI.POV.GAPS,1.243750665
Paraguay,PRY,Population living in slums (% of urban population),EN.POP.SLUM.UR.ZS,17.6
West Bank and Gaza,PSE,Poverty gap at $5.50 a day (2011 PPP) (%),SI.POV.UMIC.GP,6.070526013
West Bank and Gaza,PSE,Poverty gap at $3.20 a day (2011 PPP) (%),SI.POV.LMIC.GP,0.929035185
Romania,ROU,Poverty gap at $5.50 a day (2011 PPP) (%),SI.POV.UMIC.GP,12.05117178
Romania,ROU,Poverty gap at $3.20 a day (2011 PPP) (%),SI.POV.LMIC.GP,5.087717261
Romania,ROU,Poverty gap at $1.90 a day (2011 PPP) (%),SI.POV.GAPS,1.980545574
Russian Federation,RUS,Poverty gap at $5.50 a day (2011 PPP) (%),SI.POV.UMIC.GP,1.793495661
Rwanda,RWA,Poverty gap at $5.50 a day (2011 PPP) (%),SI.POV.UMIC.GP,64.66195259
Rwanda,RWA,Poverty gap at $3.20 a day (2011 PPP) (%),SI.POV.LMIC.GP,46.53287222
Rwanda,RWA,Poverty gap at $1.90 a day (2011 PPP) (%),SI.POV.GAPS,26.26048935
Rwanda,RWA,Population living in slums (% of urban population),EN.POP.SLUM.UR.ZS,66.99724334
South Asia,SAS,Poverty gap at $5.50 a day (2011 PPP) (%),SI.POV.UMIC.GP,45.79773163
South Asia,SAS,Poverty gap at $3.20 a day (2011 PPP) (%),SI.POV.LMIC.GP,21.90877643
South Asia,SAS,Poverty gap at $1.90 a day (2011 PPP) (%),SI.POV.GAPS,5.211186187
South Asia,SAS,Population living in slums (% of urban population),EN.POP.SLUM.UR.ZS,37.21201819
Saudi Arabia,SAU,Population living in slums (% of urban population),EN.POP.SLUM.UR.ZS,18
Sudan,SDN,Poverty gap at $5.50 a day (2011 PPP) (%),SI.POV.UMIC.GP,32.6
Sudan,SDN,Poverty gap at $3.20 a day (2011 PPP) (%),SI.POV.LMIC.GP,13.6
Sudan,SDN,Poverty gap at $1.90 a day (2011 PPP) (%),SI.POV.GAPS,4
Sudan,SDN,Population living in slums (% of urban population),EN.POP.SLUM.UR.ZS,91.6
Senegal,SEN,Poverty gap at $5.50 a day (2011 PPP) (%),SI.POV.UMIC.GP,52.42563925
Senegal,SEN,Poverty gap at $3.20 a day (2011 PPP) (%),SI.POV.LMIC.GP,31.342182
Senegal,SEN,Poverty gap at $1.90 a day (2011 PPP) (%),SI.POV.GAPS,13.64323037
Senegal,SEN,Population living in slums (% of urban population),EN.POP.SLUM.UR.ZS,42.14958519
Solomon Islands,SLB,Poverty gap at $5.50 a day (2011 PPP) (%),SI.POV.UMIC.GP,48.37664726
Solomon Islands,SLB,Poverty gap at $3.20 a day (2011 PPP) (%),SI.POV.LMIC.GP,27.21102718
Solomon Islands,SLB,Poverty gap at $1.90 a day (2011 PPP) (%),SI.POV.GAPS,10.84619749
Sierra Leone,SLE,Poverty gap at $5.50 a day (2011 PPP) (%),SI.POV.UMIC.GP,61.27642287
Sierra Leone,SLE,Poverty gap at $3.20 a day (2011 PPP) (%),SI.POV.LMIC.GP,40.8900966
Sierra Leone,SLE,Poverty gap at $1.90 a day (2011 PPP) (%),SI.POV.GAPS,19.72587134
Sierra Leone,SLE,Population living in slums (% of urban population),EN.POP.SLUM.UR.ZS,85.63410536
El Salvador,SLV,Poverty gap at $5.50 a day (2011 PPP) (%),SI.POV.UMIC.GP,15.33428614
El Salvador,SLV,Poverty gap at $3.20 a day (2011 PPP) (%),SI.POV.LMIC.GP,5.587149827
El Salvador,SLV,Poverty gap at $1.90 a day (2011 PPP) (%),SI.POV.GAPS,1.667858152
El Salvador,SLV,Population living in slums (% of urban population),EN.POP.SLUM.UR.ZS,28.9
Somalia,SOM,Population living in slums (% of urban population),EN.POP.SLUM.UR.ZS,73.57498725
Serbia,SRB,Poverty gap at $5.50 a day (2011 PPP) (%),SI.POV.UMIC.GP,10.34340275
Serbia,SRB,Poverty gap at $3.20 a day (2011 PPP) (%),SI.POV.LMIC.GP,5.254320062
Serbia,SRB,Poverty gap at $1.90 a day (2011 PPP) (%),SI.POV.GAPS,3.081199027
Sub-Saharan Africa (excluding high income),SSA,Population living in slums (% of urban population),EN.POP.SLUM.UR.ZS,58.80616696
South Sudan,SSD,Poverty gap at $5.50 a day (2011 PPP) (%),SI.POV.UMIC.GP,51.3
South Sudan,SSD,Poverty gap at $3.20 a day (2011 PPP) (%),SI.POV.LMIC.GP,33.3
South Sudan,SSD,Poverty gap at $1.90 a day (2011 PPP) (%),SI.POV.GAPS,18.9
South Sudan,SSD,Population living in slums (% of urban population),EN.POP.SLUM.UR.ZS,95.6
Sub-Saharan Africa,SSF,Poverty gap at $5.50 a day (2011 PPP) (%),SI.POV.UMIC.GP,54.61140851
Sub-Saharan Africa,SSF,Poverty gap at $3.20 a day (2011 PPP) (%),SI.POV.LMIC.GP,35.66144586
Sub-Saharan Africa,SSF,Poverty gap at $1.90 a day (2011 PPP) (%),SI.POV.GAPS,18.74891255
Sub-Saharan Africa,SSF,Population living in slums (% of urban population),EN.POP.SLUM.UR.ZS,58.80616696
Sao Tome and Principe,STP,Poverty gap at $5.50 a day (2011 PPP) (%),SI.POV.UMIC.GP,49.02223985
Sao Tome and Principe,STP,Poverty gap at $3.20 a day (2011 PPP) (%),SI.POV.LMIC.GP,25.57185953
Sao Tome and Principe,STP,Poverty gap at $1.90 a day (2011 PPP) (%),SI.POV.GAPS,8.190238092
Sao Tome and Principe,STP,Population living in slums (% of urban population),EN.POP.SLUM.UR.ZS,86.6
Suriname,SUR,Population living in slums (% of urban population),EN.POP.SLUM.UR.ZS,5.335728629
Slovak Republic,SVK,Poverty gap at $5.50 a day (2011 PPP) (%),SI.POV.UMIC.GP,0.909861984
Slovak Republic,SVK,Poverty gap at $3.20 a day (2011 PPP) (%),SI.POV.LMIC.GP,0.289732622
Sweden,SWE,Poverty gap at $5.50 a day (2011 PPP) (%),SI.POV.UMIC.GP,0.593794329
Sweden,SWE,Poverty gap at $3.20 a day (2011 PPP) (%),SI.POV.LMIC.GP,0.442424268
Sweden,SWE,Poverty gap at $1.90 a day (2011 PPP) (%),SI.POV.GAPS,0.337827051
Eswatini,SWZ,Poverty gap at $5.50 a day (2011 PPP) (%),SI.POV.UMIC.GP,51.6613008
Eswatini,SWZ,Poverty gap at $3.20 a day (2011 PPP) (%),SI.POV.LMIC.GP,33.66199638
Eswatini,SWZ,Poverty gap at $1.90 a day (2011 PPP) (%),SI.POV.GAPS,17.04406055
Eswatini,SWZ,Population living in slums (% of urban population),EN.POP.SLUM.UR.ZS,32.7
Seychelles,SYC,Poverty gap at $5.50 a day (2011 PPP) (%),SI.POV.UMIC.GP,2.4
Seychelles,SYC,Poverty gap at $3.20 a day (2011 PPP) (%),SI.POV.LMIC.GP,0.9
Seychelles,SYC,Poverty gap at $1.90 a day (2011 PPP) (%),SI.POV.GAPS,0.4
Syrian Arab Republic,SYR,Poverty gap at $5.50 a day (2011 PPP) (%),SI.POV.UMIC.GP,15.8
Syrian Arab Republic,SYR,Poverty gap at $3.20 a day (2011 PPP) (%),SI.POV.LMIC.GP,3.2
Syrian Arab Republic,SYR,Poverty gap at $1.90 a day (2011 PPP) (%),SI.POV.GAPS,0.2
Syrian Arab Republic,SYR,Population living in slums (% of urban population),EN.POP.SLUM.UR.ZS,16.5822341
Chad,TCD,Poverty gap at $5.50 a day (2011 PPP) (%),SI.POV.UMIC.GP,57.74547601
Chad,TCD,Poverty gap at $3.20 a day (2011 PPP) (%),SI.POV.LMIC.GP,38.00684149
Chad,TCD,Poverty gap at $1.90 a day (2011 PPP) (%),SI.POV.GAPS,20.21163032
Chad,TCD,Population living in slums (% of urban population),EN.POP.SLUM.UR.ZS,90.57927345
East Asia & Pacific (IDA & IBRD countries),TEA,Population living in slums (% of urban population),EN.POP.SLUM.UR.ZS,31.01271796
Togo,TGO,Poverty gap at $5.50 a day (2011 PPP) (%),SI.POV.UMIC.GP,58.08361266
Togo,TGO,Poverty gap at $3.20 a day (2011 PPP) (%),SI.POV.LMIC.GP,39.30082463
Togo,TGO,Poverty gap at $1.90 a day (2011 PPP) (%),SI.POV.GAPS,21.35704547
Togo,TGO,Population living in slums (% of urban population),EN.POP.SLUM.UR.ZS,56.3872326
Thailand,THA,Poverty gap at $5.50 a day (2011 PPP) (%),SI.POV.UMIC.GP,3.97131864
Thailand,THA,Poverty gap at $3.20 a day (2011 PPP) (%),SI.POV.LMIC.GP,0.383105941
Thailand,THA,Population living in slums (% of urban population),EN.POP.SLUM.UR.ZS,26.11444189
Tajikistan,TJK,Poverty gap at $5.50 a day (2011 PPP) (%),SI.POV.UMIC.GP,29.71670644
Tajikistan,TJK,Poverty gap at $3.20 a day (2011 PPP) (%),SI.POV.LMIC.GP,10.63491787
Tajikistan,TJK,Poverty gap at $1.90 a day (2011 PPP) (%),SI.POV.GAPS,2.516682863
Latin America & the Caribbean (IDA & IBRD countries),TLA,Population living in slums (% of urban population),EN.POP.SLUM.UR.ZS,24.99623007
Timor-Leste,TLS,Poverty gap at $5.50 a day (2011 PPP) (%),SI.POV.UMIC.GP,55.54030511
Timor-Leste,TLS,Poverty gap at $3.20 a day (2011 PPP) (%),SI.POV.LMIC.GP,31.63454635
Timor-Leste,TLS,Poverty gap at $1.90 a day (2011 PPP) (%),SI.POV.GAPS,10.66884992
Middle East & North Africa (IDA & IBRD countries),TMN,Population living in slums (% of urban population),EN.POP.SLUM.UR.ZS,28.46290299
Tonga,TON,Poverty gap at $5.50 a day (2011 PPP) (%),SI.POV.UMIC.GP,8.781227199
Tonga,TON,Poverty gap at $3.20 a day (2011 PPP) (%),SI.POV.LMIC.GP,1.924250566
Tonga,TON,Poverty gap at $1.90 a day (2011 PPP) (%),SI.POV.GAPS,0.347602664
South Asia (IDA & IBRD),TSA,Population living in slums (% of urban population),EN.POP.SLUM.UR.ZS,37.21201819
Sub-Saharan Africa (IDA & IBRD countries),TSS,Population living in slums (% of urban population),EN.POP.SLUM.UR.ZS,58.80616696
Trinidad and Tobago,TTO,Population living in slums (% of urban population),EN.POP.SLUM.UR.ZS,24.7
Tunisia,TUN,Poverty gap at $5.50 a day (2011 PPP) (%),SI.POV.UMIC.GP,10.24097303
Tunisia,TUN,Poverty gap at $3.20 a day (2011 PPP) (%),SI.POV.LMIC.GP,2.437977891
Tunisia,TUN,Population living in slums (% of urban population),EN.POP.SLUM.UR.ZS,8
Turkey,TUR,Poverty gap at $5.50 a day (2011 PPP) (%),SI.POV.UMIC.GP,5.405840555
Turkey,TUR,Poverty gap at $3.20 a day (2011 PPP) (%),SI.POV.LMIC.GP,1.194143761
Turkey,TUR,Population living in slums (% of urban population),EN.POP.SLUM.UR.ZS,14.33437729
Tuvalu,TUV,Poverty gap at $5.50 a day (2011 PPP) (%),SI.POV.UMIC.GP,16.1
Tuvalu,TUV,Poverty gap at $3.20 a day (2011 PPP) (%),SI.POV.LMIC.GP,4.3
Tuvalu,TUV,Poverty gap at $1.90 a day (2011 PPP) (%),SI.POV.GAPS,0.4
Tanzania,TZA,Poverty gap at $5.50 a day (2011 PPP) (%),SI.POV.UMIC.GP,66.09690204
Tanzania,TZA,Poverty gap at $3.20 a day (2011 PPP) (%),SI.POV.LMIC.GP,46.9038484
Tanzania,TZA,Poverty gap at $1.90 a day (2011 PPP) (%),SI.POV.GAPS,25.47959511
Tanzania,TZA,Population living in slums (% of urban population),EN.POP.SLUM.UR.ZS,62.76481134
Uganda,UGA,Poverty gap at $5.50 a day (2011 PPP) (%),SI.POV.UMIC.GP,56.09650065
Uganda,UGA,Poverty gap at $3.20 a day (2011 PPP) (%),SI.POV.LMIC.GP,35.57492503
Uganda,UGA,Poverty gap at $1.90 a day (2011 PPP) (%),SI.POV.GAPS,16.3749262
Uganda,UGA,Population living in slums (% of urban population),EN.POP.SLUM.UR.ZS,63.3669966
Ukraine,UKR,Poverty gap at $5.50 a day (2011 PPP) (%),SI.POV.UMIC.GP,1.971778067
Upper middle income,UMC,Poverty gap at $5.50 a day (2011 PPP) (%),SI.POV.UMIC.GP,15.66106666
Upper middle income,UMC,Poverty gap at $3.20 a day (2011 PPP) (%),SI.POV.LMIC.GP,5.851759793
Upper middle income,UMC,Poverty gap at $1.90 a day (2011 PPP) (%),SI.POV.GAPS,1.742762615
Upper middle income,UMC,Population living in slums (% of urban population),EN.POP.SLUM.UR.ZS,27.91386127
Uruguay,URY,Poverty gap at $5.50 a day (2011 PPP) (%),SI.POV.UMIC.GP,1.586307971
Uruguay,URY,Poverty gap at $3.20 a day (2011 PPP) (%),SI.POV.LMIC.GP,0.240187391
United States,USA,Poverty gap at $5.50 a day (2011 PPP) (%),SI.POV.UMIC.GP,1.189349806
United States,USA,Poverty gap at $3.20 a day (2011 PPP) (%),SI.POV.LMIC.GP,0.95737435
United States,USA,Poverty gap at $1.90 a day (2011 PPP) (%),SI.POV.GAPS,0.856091558
Uzbekistan,UZB,Poverty gap at $5.50 a day (2011 PPP) (%),SI.POV.UMIC.GP,64.192108
Uzbekistan,UZB,Poverty gap at $3.20 a day (2011 PPP) (%),SI.POV.LMIC.GP,43.60616163
Uzbekistan,UZB,Poverty gap at $1.90 a day (2011 PPP) (%),SI.POV.GAPS,21.02286399
"Venezuela, RB",VEN,Poverty gap at $5.50 a day (2011 PPP) (%),SI.POV.UMIC.GP,25.38718223
"Venezuela, RB",VEN,Poverty gap at $3.20 a day (2011 PPP) (%),SI.POV.LMIC.GP,14.87761528
"Venezuela, RB",VEN,Poverty gap at $1.90 a day (2011 PPP) (%),SI.POV.GAPS,9.843573467
"Venezuela, RB",VEN,Population living in slums (% of urban population),EN.POP.SLUM.UR.ZS,32
Vietnam,VNM,Poverty gap at $5.50 a day (2011 PPP) (%),SI.POV.UMIC.GP,22.69814662
Vietnam,VNM,Poverty gap at $3.20 a day (2011 PPP) (%),SI.POV.LMIC.GP,8.025212036
Vietnam,VNM,Poverty gap at $1.90 a day (2011 PPP) (%),SI.POV.GAPS,1.835934965
Vietnam,VNM,Population living in slums (% of urban population),EN.POP.SLUM.UR.ZS,37.47451691
Vanuatu,VUT,Poverty gap at $5.50 a day (2011 PPP) (%),SI.POV.UMIC.GP,31.6
Vanuatu,VUT,Poverty gap at $3.20 a day (2011 PPP) (%),SI.POV.LMIC.GP,12.7
Vanuatu,VUT,Poverty gap at $1.90 a day (2011 PPP) (%),SI.POV.GAPS,3.2
World,WLD,Poverty gap at $5.50 a day (2011 PPP) (%),SI.POV.UMIC.GP,26.66468265
World,WLD,Poverty gap at $3.20 a day (2011 PPP) (%),SI.POV.LMIC.GP,13.11728983
World,WLD,Poverty gap at $1.90 a day (2011 PPP) (%),SI.POV.GAPS,4.641215783
World,WLD,Population living in slums (% of urban population),EN.POP.SLUM.UR.ZS,34.23644526
Samoa,WSM,Poverty gap at $5.50 a day (2011 PPP) (%),SI.POV.UMIC.GP,10.67470661
Samoa,WSM,Poverty gap at $3.20 a day (2011 PPP) (%),SI.POV.LMIC.GP,2.144333374
Samoa,WSM,Poverty gap at $1.90 a day (2011 PPP) (%),SI.POV.GAPS,0.158740105
Kosovo,XKX,Poverty gap at $5.50 a day (2011 PPP) (%),SI.POV.UMIC.GP,8.916014632
Kosovo,XKX,Poverty gap at $3.20 a day (2011 PPP) (%),SI.POV.LMIC.GP,1.489640958
Kosovo,XKX,Poverty gap at $1.90 a day (2011 PPP) (%),SI.POV.GAPS,0.169838133
"Yemen, Rep.",YEM,Poverty gap at $5.50 a day (2011 PPP) (%),SI.POV.UMIC.GP,35.18451364
"Yemen, Rep.",YEM,Poverty gap at $3.20 a day (2011 PPP) (%),SI.POV.LMIC.GP,13.6689429
"Yemen, Rep.",YEM,Poverty gap at $1.90 a day (2011 PPP) (%),SI.POV.GAPS,2.846049894
"Yemen, Rep.",YEM,Population living in slums (% of urban population),EN.POP.SLUM.UR.ZS,67.95342601
South Africa,ZAF,Poverty gap at $5.50 a day (2011 PPP) (%),SI.POV.UMIC.GP,32.36129537
South Africa,ZAF,Poverty gap at $3.20 a day (2011 PPP) (%),SI.POV.LMIC.GP,17.38766467
South Africa,ZAF,Poverty gap at $1.90 a day (2011 PPP) (%),SI.POV.GAPS,6.946026643
South Africa,ZAF,Population living in slums (% of urban population),EN.POP.SLUM.UR.ZS,25.87263714
Zambia,ZMB,Poverty gap at $5.50 a day (2011 PPP) (%),SI.POV.UMIC.GP,60.8152179
Zambia,ZMB,Poverty gap at $3.20 a day (2011 PPP) (%),SI.POV.LMIC.GP,43.73120614
Zambia,ZMB,Poverty gap at $1.90 a day (2011 PPP) (%),SI.POV.GAPS,26.63515681
Zambia,ZMB,Population living in slums (% of urban population),EN.POP.SLUM.UR.ZS,56.58469929
Zimbabwe,ZWE,Poverty gap at $5.50 a day (2011 PPP) (%),SI.POV.UMIC.GP,36.1
Zimbabwe,ZWE,Poverty gap at $3.20 a day (2011 PPP) (%),SI.POV.LMIC.GP,17.3
Zimbabwe,ZWE,Poverty gap at $1.90 a day (2011 PPP) (%),SI.POV.GAPS,5.2
Zimbabwe,ZWE,Population living in slums (% of urban population),EN.POP.SLUM.UR.ZS,14.96426553
